"id","pop","lat","lon","year","sex","age","svl","weight","species"
"AA24187","Kowen",-35.3413228681927,149.337945418692,"2009","F","J",36.4,1.48,"Tympanocryptis lineata"
"AA24261","Royalla",-35.4959905062437,149.192752852647,"2010","M","A",49,4.94,"Tympanocryptis lineata"
"AA24349","Kowen",-35.3083969418902,149.337703932346,"2014","M","SA",43,3.3,"Tympanocryptis lineata"
"AA24350","Tuggeranong",-35.4303280632987,149.047260172989,"2014","M","A",55,5.5,"Tympanocryptis lineata"
"AA24001","Kowen",-35.324180238009,149.351661137683,"2006","U",NA,NA,NA,"Tympanocryptis lineata"
"AA24298","Googong",-35.4490251491542,149.226423868564,"2013","U",NA,NA,NA,"Tympanocryptis lineata"
"AA24299","Googong",-35.4388662036229,149.22182645799,"2013","M","A",53,5.5,"Tympanocryptis lineata"
"AA24361","Googong",-35.4459671506596,149.240931615391,"2015","U",NA,NA,NA,"Tympanocryptis lineata"
"AA24151","Royalla",-35.4947828149355,149.171402940412,"2008","J","J",36.4,1.48,"Tympanocryptis lineata"
"AA24108","Royalla",-35.4886381336843,149.195575628886,"2007","U",NA,NA,NA,"Tympanocryptis lineata"
"AA24109","Royalla",-35.4937807321028,149.169302530703,"2007","U",NA,NA,NA,"Tympanocryptis lineata"
"AA24262","Kowen",-35.3295895466694,149.328189668458,"2010","F","J",32,1.3,"Tympanocryptis lineata"
"AA24188","Royalla",-35.4910216052083,149.206495232809,"2009","F","A",54,6.15,"Tympanocryptis lineata"
"AA24300","Googong",-35.4233903895766,149.226286510664,"2013","M","SA",45,3.83,"Tympanocryptis lineata"
"AA24002","Kowen",-35.3461526713313,149.343057394878,"2006","U",NA,NA,NA,"Tympanocryptis lineata"
"AA24301","Googong",-35.4258057455357,149.25141736301,"2013","U",NA,NA,NA,"Tympanocryptis lineata"
"AA24302","Googong",-35.439352680669,149.23189524216,"2013","U",NA,NA,NA,"Tympanocryptis lineata"
"AA24362","Googong",-35.431517591613,149.241161875844,"2015","U",NA,NA,NA,"Tympanocryptis lineata"
"AA24152","Royalla",-35.4951387144742,149.166642487109,"2008","J","J",31.9,1.4,"Tympanocryptis lineata"
"AA24110","Royalla",-35.4866321674723,149.16935297315,"2007","U",NA,NA,NA,"Tympanocryptis lineata"
"AA24111","Kowen",-35.3203822572567,149.339870526251,"2007","U",NA,NA,NA,"Tympanocryptis lineata"
"AA24263","Kowen",-35.3147446629857,149.334606251342,"2010","M","A",50.6,6.77,"Tympanocryptis lineata"
"AA24189","Royalla",-35.5319768708632,149.169476048329,"2009","J","J",32,1.3,"Tympanocryptis lineata"
"AA24003","Kowen",-35.3486918164492,149.325071083265,"2006","M","A",55,5.2,"Tympanocryptis lineata"
"AA24303","Googong",-35.4327158370771,149.226906729407,"2013","U",NA,NA,NA,"Tympanocryptis lineata"
"AA24304","Googong",-35.4421175655632,149.237639693421,"2013","U",NA,NA,NA,"Tympanocryptis lineata"
"AA24363","Googong",-35.4300484889239,149.23782249703,"2015","F","J",34.7,1.72,"Tympanocryptis lineata"
"AA24112","Royalla",-35.4916617886565,149.176792812135,"2007","U",NA,NA,NA,"Tympanocryptis lineata"
"AA24113","Kowen",-35.3257025305465,149.322258836398,"2007","F","SA",46,3.6,"Tympanocryptis lineata"
"AA24264","Kowen",-35.3197313186897,149.330321614774,"2010","F","A",56.5,7.2,"Tympanocryptis lineata"
"AA24190","Royalla",-35.5002512731854,149.169758787327,"2009","J","J",37.7,2.25,"Tympanocryptis lineata"
"AA24004","Kowen",-35.3042895323604,149.32521888186,"2006","M","SA",41.7,3.1,"Tympanocryptis lineata"
"AA24305","Googong",-35.4394151027934,149.22981630439,"2013","M","A",51,5.1,"Tympanocryptis lineata"
"AA24306","Googong",-35.4244477700963,149.235177594165,"2013","M","A",52,5.4,"Tympanocryptis lineata"
"AA24364","Googong",-35.4393656561956,149.238131394682,"2015","U",NA,NA,NA,"Tympanocryptis lineata"
"AA24153","Royalla",-35.4989215869527,149.187144318953,"2008","J","J",29.2,1.35,"Tympanocryptis lineata"
"AA24114","Royalla",-35.505567508679,149.160890679663,"2007","U",NA,NA,NA,"Tympanocryptis lineata"
"AA24191","Royalla",-35.4953717615595,149.200323665386,"2009","J","J",32.8,1.55,"Tympanocryptis lineata"
"AA24265","Kowen",-35.3169362671836,149.342093449965,"2010","M","A",54,6.6,"Tympanocryptis lineata"
"AA24192","Royalla",-35.4930843393201,149.185033078512,"2009","F","SA",45,2.5,"Tympanocryptis lineata"
"AA24005","Kowen",-35.3417677229955,149.344785161258,"2006","F","J",34,1.52,"Tympanocryptis lineata"
"AA24307","Googong",-35.423755340472,149.240638083121,"2013","U",NA,NA,NA,"Tympanocryptis lineata"
"AA24308","Googong",-35.4472734910138,149.243399011263,"2013","F","A",52.3,5,"Tympanocryptis lineata"
"AA24365","Googong",-35.4399397317349,149.221835875312,"2015","U",NA,NA,NA,"Tympanocryptis lineata"
"AA24154","Royalla",-35.5097230748789,149.171670250434,"2008","J","J",34.7,1.72,"Tympanocryptis lineata"
"AA24115","Royalla",-35.5046407447926,149.181203045118,"2007","U",NA,NA,NA,"Tympanocryptis lineata"
"AA24193","Royalla",-35.5153233749908,149.169104562976,"2009","M","SA",46.63333333,3.55,"Tympanocryptis lineata"
"AA24266","Kowen",-35.3416314193696,149.34257387968,"2010","M","A",55.6,5.59,"Tympanocryptis lineata"
"AA24194","Royalla",-35.503515608392,149.199010718295,"2009","J","J",33.2,1.81,"Tympanocryptis lineata"
"AA24351","Googong",-35.4356576830574,149.236705851084,"2014","M","A",55,5.9,"Tympanocryptis lineata"
"AA24006","Kowen",-35.326757581255,149.330077076194,"2006","F","A",54,6.7,"Tympanocryptis lineata"
"AA24309","Googong",-35.4358225712542,149.229602346681,"2013","U",NA,NA,NA,"Tympanocryptis lineata"
"AA24310","Googong",-35.454518831142,149.230772010471,"2013","U",NA,NA,NA,"Tympanocryptis lineata"
"AA24366","Googong",-35.4411527023061,149.233120550853,"2015","M","SA",43.76666667,4.12,"Tympanocryptis lineata"
"AA24195","Royalla",-35.5089307677084,149.15852290292,"2009","J","J",27.8,0.8,"Tympanocryptis lineata"
"AA24116","Royalla",-35.5099123606692,149.187750741185,"2007","U",NA,NA,NA,"Tympanocryptis lineata"
"AA24196","Royalla",-35.4849371386999,149.171408085684,"2009","F","J",36,1.62,"Tympanocryptis lineata"
"AA24284","Kowen",-35.3004765134169,149.347209242417,"2011","F","J",35,1.45,"Tympanocryptis lineata"
"AA24267","Kowen",-35.2995716970207,149.329201101893,"2010","F","SA",47,3.8,"Tympanocryptis lineata"
"AA24311","Royalla",-35.508178356814,149.18391040185,"2013","M","A",51.2,4.88,"Tympanocryptis lineata"
"AA24292","Royalla",-35.5000764301349,149.192199207622,"2012","M","SA",47,4.3,"Tympanocryptis lineata"
"AA24117","Royalla",-35.5066373581047,149.178151265709,"2007","M","SA",38,2.8,"Tympanocryptis lineata"
"AA24312","Googong",-35.4543188157999,149.228322847897,"2013","U",NA,NA,NA,"Tympanocryptis lineata"
"AA24367","Googong",-35.4417899303381,149.238210180724,"2015","F","A",52,5.8,"Tympanocryptis lineata"
"AA24118","Royalla",-35.5062926811165,149.170230395261,"2007","U",NA,NA,NA,"Tympanocryptis lineata"
"AA24119","Royalla",-35.5036864384862,149.183868267147,"2007","U",NA,NA,NA,"Tympanocryptis lineata"
"AA24197","Royalla",-35.4823410829916,149.176538623053,"2009","F","A",52,5.36,"Tympanocryptis lineata"
"AA24293","Royalla",-35.5101175313813,149.183456159226,"2012","F","J",28.2,0.85,"Tympanocryptis lineata"
"AA24285","Royalla",-35.4825751284179,149.173662064841,"2011","J","J",37,2,"Tympanocryptis lineata"
"AA24313","Googong",-35.4435930934639,149.247024683513,"2013","M","A",53,5.8,"Tympanocryptis lineata"
"AA24294","Royalla",-35.5177829098066,149.174601901829,"2012","M","SA",43.6,3.08,"Tympanocryptis lineata"
"AA24387","Googong",-35.4516291102054,149.232748163938,"2016","M","A",52,5.24,"Tympanocryptis lineata"
"AA24155","Royalla",-35.4936562043041,149.185586426724,"2008","J","J",32,1.9,"Tympanocryptis lineata"
"AA24314","Googong",-35.441835644016,149.226286821001,"2013","U",NA,NA,NA,"Tympanocryptis lineata"
"AA24368","Googong",-35.4546008168862,149.229078582584,"2015","U",NA,NA,NA,"Tympanocryptis lineata"
"AA24120","Royalla",-35.4880224615186,149.177302954572,"2007","U",NA,NA,NA,"Tympanocryptis lineata"
"AA24121","Royalla",-35.5006868267811,149.186263043356,"2007","U",NA,NA,NA,"Tympanocryptis lineata"
"AA24198","Royalla",-35.4952144519354,149.171449739123,"2009","M","A",50.9,4.18,"Tympanocryptis lineata"
"AA24199","Royalla",-35.5132921294187,149.195773491423,"2009","F","J",35.8,2.04,"Tympanocryptis lineata"
"AA24315","Googong",-35.4385603695381,149.23100808016,"2013","U",NA,NA,NA,"Tympanocryptis lineata"
"AA24295","Royalla",-35.4958565937871,149.182708049489,"2012","M","A",52,5,"Tympanocryptis lineata"
"AA24316","Googong",-35.452507512707,149.233859197278,"2013","M","A",54,5.4,"Tympanocryptis lineata"
"AA24317","Googong",-35.4340660224805,149.232777244969,"2013","F","A",55.9,5.7,"Tympanocryptis lineata"
"AA24369","Googong",-35.4289745763448,149.236640192318,"2015","U",NA,NA,NA,"Tympanocryptis lineata"
"AA24370","Googong",-35.4247072934693,149.223367990756,"2015","U",NA,NA,NA,"Tympanocryptis lineata"
"AA24318","Googong",-35.4645347936416,149.242176254337,"2013","M","A",48.1,5.4,"Tympanocryptis lineata"
"AA24388","Googong",-35.4285489906225,149.251028302294,"2016","U",NA,NA,NA,"Tympanocryptis lineata"
"AA24319","Googong",-35.4506728944734,149.223796160256,"2013","M","SA",48,4.3,"Tympanocryptis lineata"
"AA24371","Googong",-35.445468888763,149.230374831158,"2015","M","SA",44.4,3.1,"Tympanocryptis lineata"
"AA24320","Googong",-35.4454800869054,149.228204486345,"2013","F","A",52,5.87,"Tympanocryptis lineata"
"AA24321","Royalla",-35.5058637506171,149.19736114849,"2013","F","A",59.2,5.92,"Tympanocryptis lineata"
"AA24372","Googong",-35.4480793282239,149.226434618978,"2015","F","SA",43,3.03,"Tympanocryptis lineata"
"AA24373","Googong",-35.4504476647603,149.227031159867,"2015","U",NA,NA,NA,"Tympanocryptis lineata"
"AA24322","Googong",-35.4376775357758,149.219424448983,"2013","F","J",33.46666667,1.11,"Tympanocryptis lineata"
"AA24374","Googong",-35.4608870847825,149.239731998198,"2015","U",NA,NA,NA,"Tympanocryptis lineata"
"AA24375","Googong",-35.4655040605891,149.241056756671,"2015","F","A",56,5.7,"Tympanocryptis lineata"
"AA24323","Googong",-35.4403928073487,149.235948814112,"2013","F","J",36,2.31,"Tympanocryptis lineata"
"AA24324","Googong",-35.4253588294359,149.223866529197,"2013","F","A",54,6,"Tympanocryptis lineata"
"AA24376","Googong",-35.4286035121712,149.230718119402,"2015","F","SA",43.7,4.04,"Tympanocryptis lineata"
"AA24377","Googong",-35.433038960771,149.222975580449,"2015","M","A",49.6,4.6,"Tympanocryptis lineata"
"AA24325","Googong",-35.4365301211688,149.230810558819,"2013","M","J",32,1.2,"Tympanocryptis lineata"
"AA24326","Googong",-35.4357771698264,149.226500549677,"2013","M","A",56,6.2,"Tympanocryptis lineata"
"AA24327","Googong",-35.4405672901308,149.215551687956,"2013","M","A",51,5,"Tympanocryptis lineata"
"AA24378","Googong",-35.428789110658,149.238848439803,"2015","M","A",49.8,4.57,"Tympanocryptis lineata"
"AA24328","Googong",-35.4351606792337,149.220233422461,"2013","F","A",52,6.2,"Tympanocryptis lineata"
"AA24352","Royalla",-35.493771109745,149.168002103754,"2014","F","SA",46,4.37,"Tympanocryptis lineata"
"AA24379","Googong",-35.4483863130195,149.234347151613,"2015","U",NA,NA,NA,"Tympanocryptis lineata"
"AA24353","Googong",-35.4425492050907,149.232947952382,"2014","U",NA,NA,NA,"Tympanocryptis lineata"
"AA24380","Googong",-35.4157179221668,149.244493672894,"2015","F","A",54.3,4.84,"Tympanocryptis lineata"
"AA24616","Unknown",NA,NA,"unknown","U",NA,NA,NA,"Tympanocryptis lineata"
"AA24381","Googong",-35.4648861491138,149.248144861142,"2015","U",NA,NA,NA,"Tympanocryptis lineata"
"AA24389","Kowen",-35.3213726815586,149.34865172024,"2016","M","A",56,7.1,"Tympanocryptis lineata"
"AA24390","Googong",-35.4387204389959,149.231122768191,"2016","M","A",57.3,6.17,"Tympanocryptis lineata"
"AA24391","Googong",-35.438916770746,149.22527906727,"2016","U",NA,NA,NA,"Tympanocryptis lineata"
"AA24392","Googong",-35.4394836808786,149.228754661169,"2016","U",NA,NA,NA,"Tympanocryptis lineata"
"AA24382","Googong",-35.4471070154235,149.219591386202,"2015","F","A",52.4,5.63,"Tympanocryptis lineata"
"AA24393","Kowen",-35.3378157424919,149.332057854643,"2016","M","SA",42.4,3.3,"Tympanocryptis lineata"
"AA24394","Googong",-35.4375178472359,149.227899408463,"2016","M","A",51,5.5,"Tympanocryptis lineata"
"AA24395","Googong",-35.4443893585438,149.238705021006,"2016","M","A",55.6,4.9,"Tympanocryptis lineata"
"AA24396","Googong",-35.4361462832434,149.221075693129,"2016","M","A",51,5.1,"Tympanocryptis lineata"
"AA24383","Googong",-35.4383708958105,149.247774291216,"2015","U",NA,NA,NA,"Tympanocryptis lineata"
"AA24397","Googong",-35.4442862809389,149.223242933227,"2016","M","SA",38,2.75,"Tympanocryptis lineata"
"AA24398","Googong",-35.4607224085136,149.255596562632,"2016","F","SA",47,4.3,"Tympanocryptis lineata"
"AA24399","Googong",-35.4287128137142,149.231535156654,"2016","U",NA,NA,NA,"Tympanocryptis lineata"
"AA24400","Kowen",-35.3248893835837,149.334403137605,"2016","F","SA",44.7,3.2,"Tympanocryptis lineata"
"AA24384","Googong",-35.4428011474095,149.23089204833,"2015","F","A",51.4,5.6,"Tympanocryptis lineata"
"AA24401","Googong",-35.4231941652315,149.237242043056,"2016","M","A",54.3,6.47,"Tympanocryptis lineata"
"AA24402","Googong",-35.4345751446019,149.240562525386,"2016","U",NA,NA,NA,"Tympanocryptis lineata"
"AA24403","Googong",-35.4340752305203,149.22217572789,"2016","F","A",50,5.5,"Tympanocryptis lineata"
"AA24404","Googong",-35.4432387624662,149.231405129405,"2016","M","A",57,7.4,"Tympanocryptis lineata"
"AA24385","Googong",-35.4397269053333,149.23393044034,"2015","U",NA,NA,NA,"Tympanocryptis lineata"
"AA24405","Googong",-35.439600477478,149.229028177698,"2016","M","SA",48,4.9,"Tympanocryptis lineata"
"AA24406","Googong",-35.4341274323446,149.229626179458,"2016","F","J",31.7,1.51,"Tympanocryptis lineata"
"AA24407","Kowen",-35.3163723341645,149.339186380152,"2016","F","A",51,5.1,"Tympanocryptis lineata"
"AA24408","Googong",-35.4568510105755,149.229101759884,"2016","M","SA",39,2.4,"Tympanocryptis lineata"
"AA24386","Googong",-35.4413065907145,149.228557605221,"2015","U",NA,NA,NA,"Tympanocryptis lineata"
"AA24409","Googong",-35.4358994235934,149.221895057799,"2016","U",NA,NA,NA,"Tympanocryptis lineata"
"AA24410","Kowen",-35.3234296951019,149.345390006237,"2016","M","A",49.9,5.6,"Tympanocryptis lineata"
"AA24411","Googong",-35.4405582261952,149.230952905214,"2016","U",NA,NA,NA,"Tympanocryptis lineata"
"AA24412","Googong",-35.4271448767484,149.233876513018,"2016","M","SA",45.7,3.72,"Tympanocryptis lineata"
"AA24413","Tuggeranong",-35.4315125595746,149.042715137168,"2016","F","J",36.6,1.94,"Tympanocryptis lineata"
"AA24414","Googong",-35.4373465790234,149.23518971986,"2016","U",NA,NA,NA,"Tympanocryptis lineata"
"AA24415","Googong",-35.4336128411703,149.223676779923,"2016","U",NA,NA,NA,"Tympanocryptis lineata"
"AA24416","Googong",-35.4629864971808,149.237218829806,"2016","U",NA,NA,NA,"Tympanocryptis lineata"
"AA24417","Royalla",-35.495065393661,149.179104717326,"2016","U",NA,NA,NA,"Tympanocryptis lineata"
"AA24418","Kowen",-35.3197300151547,149.344617148737,"2016","F","A",59,7.1,"Tympanocryptis lineata"
"AA24419","Googong",-35.4493859158481,149.233968036679,"2016","U",NA,NA,NA,"Tympanocryptis lineata"
"AA24420","Googong",-35.4487650012715,149.239249678788,"2016","U",NA,NA,NA,"Tympanocryptis lineata"
"AA24421","Googong",-35.4486009179266,149.234452096852,"2016","M","SA",42,2.7,"Tympanocryptis lineata"
"AA24422","Royalla",-35.4931961893084,149.181053183383,"2016","U",NA,NA,NA,"Tympanocryptis lineata"
"AA24329","Googong",-35.4557933194481,149.226259428675,"2013","M","J",34.9,1.79,"Tympanocryptis lineata"
"AA24423","Kowen",-35.3195579350966,149.35330402899,"2016","U",NA,NA,NA,"Tympanocryptis lineata"
"AA24424","Kowen",-35.3263787898878,149.339253059753,"2016","U",NA,NA,NA,"Tympanocryptis lineata"
"AA24507","Royalla",-35.4915072830155,149.189393348234,"2018","U",NA,NA,NA,"Tympanocryptis lineata"
"AA24557","Googong",-35.4435486067146,149.222055978814,"2020","M","SA",43,2.94,"Tympanocryptis lineata"
"AA24007","Tuggeranong",-35.453475180121,149.056757832085,"2006","U",NA,NA,NA,"Tympanocryptis lineata"
"AA24008","Tuggeranong",-35.4438521430042,149.035585631497,"2006","U",NA,NA,NA,"Tympanocryptis lineata"
"AA24330","Kowen",-35.3198034684388,149.33173096007,"2013","M","A",56.3,6.03,"Tympanocryptis lineata"
"AA24331","Kowen",-35.3269374892212,149.345429387573,"2013","U",NA,NA,NA,"Tympanocryptis lineata"
"AA24009","Tuggeranong",-35.4486139540002,149.069599299282,"2006","F","A",53,7.4,"Tympanocryptis lineata"
"AA24332","Kowen",-35.3204371763657,149.332968195076,"2013","M","A",53,6,"Tympanocryptis lineata"
"AA24354","Tuggeranong",-35.4448038061362,149.05782082005,"2014","M","SA",46.8,4.35,"Tympanocryptis lineata"
"AA24333","Royalla",-35.4823722795486,149.186099656561,"2013","M","J",37.5,2.04,"Tympanocryptis lineata"
"AA24425","Royalla",-35.4987966668264,149.178583497072,"2016","M","A",48.6,4.4,"Tympanocryptis lineata"
"AA24426","Royalla",-35.5016498059759,149.176696080977,"2016","U",NA,NA,NA,"Tympanocryptis lineata"
"AA24010","Tuggeranong",-35.4371723514212,149.045635202556,"2006","M","A",49,4.3,"Tympanocryptis lineata"
"AA24200","Tuggeranong",-35.4390018034191,149.029341598535,"2009","M","SA",41,2.6,"Tympanocryptis lineata"
"AA24156","Tuggeranong",-35.4396616373465,149.036463555703,"2008","M","J",33,1.38,"Tympanocryptis lineata"
"AA24201","Tuggeranong",-35.4436818076838,149.042441017976,"2009","M","SA",40.1,2.11,"Tympanocryptis lineata"
"AA24011","Royalla",-35.50659568428,149.171618806459,"2006","U",NA,NA,NA,"Tympanocryptis lineata"
"AA24268","Tuggeranong",-35.4228781752785,149.056827823618,"2010","M","A",51,5.49,"Tympanocryptis lineata"
"AA24012","Tuggeranong",-35.4421408245571,149.067838386637,"2006","M","A",50.1,5.5,"Tympanocryptis lineata"
"AA24334","Kowen",-35.3077796465766,149.343072664311,"2013","U",NA,NA,NA,"Tympanocryptis lineata"
"AA24335","Royalla",-35.5024403244245,149.175072254269,"2013","U",NA,NA,NA,"Tympanocryptis lineata"
"AA24336","Royalla",-35.5030412480357,149.192071084575,"2013","M","SA",47,4.43,"Tympanocryptis lineata"
"AA24427","Royalla",-35.4909662090817,149.171875412065,"2016","U",NA,NA,NA,"Tympanocryptis lineata"
"AA24428","Royalla",-35.5182169968125,149.168434650173,"2016","U",NA,NA,NA,"Tympanocryptis lineata"
"AA24013","Tuggeranong",-35.4521620330322,149.042137348706,"2006","M","A",51.2,4.75,"Tympanocryptis lineata"
"AA24202","Tuggeranong",-35.4356130220222,149.032867926612,"2009","M","SA",42.33333333,2.59,"Tympanocryptis lineata"
"AA24157","Tuggeranong",-35.4503851255241,149.029782983491,"2008","J","J",33,1.35,"Tympanocryptis lineata"
"AA24203","Tuggeranong",-35.4514525786242,149.044033249578,"2009","F","SA",48,3.96,"Tympanocryptis lineata"
"AA24014","Royalla",-35.5118666120724,149.182203409374,"2006","F","SA",38.93333333,2.46,"Tympanocryptis lineata"
"AA24269","Tuggeranong",-35.4320918582301,149.035885235034,"2010","M","A",48.93333333,4,"Tympanocryptis lineata"
"AA24015","Tuggeranong",-35.4539827144968,149.055291108134,"2006","M","SA",46.5,5.2,"Tympanocryptis lineata"
"AA24337","Kowen",-35.3346193271846,149.335320831642,"2013","U",NA,NA,NA,"Tympanocryptis lineata"
"AA24338","Royalla",-35.4990339431316,149.184286308794,"2013","F","A",52.5,6.71,"Tympanocryptis lineata"
"AA24339","Royalla",-35.5146137002679,149.199325398246,"2013","M","A",56,6.5,"Tympanocryptis lineata"
"AA24429","Royalla",-35.5226030606575,149.173857988971,"2016","U",NA,NA,NA,"Tympanocryptis lineata"
"AA24430","Royalla",-35.5084210820614,149.174321238506,"2016","U",NA,NA,NA,"Tympanocryptis lineata"
"AA24431","Kowen",-35.3310356164481,149.335131080969,"2016","M","SA",39,2.8,"Tympanocryptis lineata"
"AA24204","Tuggeranong",-35.4218867023745,149.051669773291,"2009","F","SA",41,2.7,"Tympanocryptis lineata"
"AA24158","Tuggeranong",-35.4612309027632,149.034379243872,"2008","M","A",52.5,4.96,"Tympanocryptis lineata"
"AA24432","Kowen",-35.3259939560741,149.348443882863,"2016","M","SA",47.8,4.7,"Tympanocryptis lineata"
"AA24016","Royalla",-35.4820904498904,149.173124002293,"2006","F","A",61,6.82,"Tympanocryptis lineata"
"AA24270","Tuggeranong",-35.4430209798025,149.039155894808,"2010","M","A",55,5.8,"Tympanocryptis lineata"
"AA24433","Royalla",-35.5043727737901,149.182222830698,"2016","U",NA,NA,NA,"Tympanocryptis lineata"
"AA24340","Kowen",-35.331901113936,149.349153041911,"2013","U",NA,NA,NA,"Tympanocryptis lineata"
"AA24355","Tuggeranong",-35.4646214032542,149.044077102512,"2014","U",NA,NA,NA,"Tympanocryptis lineata"
"AA24434","Kowen",-35.321598033198,149.348197261046,"2016","M","J",34,2.4,"Tympanocryptis lineata"
"AA24435","Royalla",-35.4969626791719,149.184605708491,"2016","U",NA,NA,NA,"Tympanocryptis lineata"
"AA24436","Royalla",-35.5223868825989,149.186544734725,"2016","U",NA,NA,NA,"Tympanocryptis lineata"
"AA24122","Tuggeranong",-35.4340375881495,149.048943869737,"2007","M","A",51,5.4,"Tympanocryptis lineata"
"AA24159","Tuggeranong",-35.434523117859,149.048422351048,"2008","J","J",33.26666667,1.18,"Tympanocryptis lineata"
"AA24160","Tuggeranong",-35.4504219341277,149.05990533379,"2008","J","J",27,0.8,"Tympanocryptis lineata"
"AA24017","Royalla",-35.4903690342661,149.196705985748,"2006","M","A",61,6.8,"Tympanocryptis lineata"
"AA24018","Royalla",-35.4963716402578,149.185262515379,"2006","F","A",50.8,5.76,"Tympanocryptis lineata"
"AA24286","Royalla",-35.4950111509965,149.164015988416,"2011","M","J",31.6,1.56,"Tympanocryptis lineata"
"AA24437","Royalla",-35.4912411741155,149.190152442959,"2016","U",NA,NA,NA,"Tympanocryptis lineata"
"AA24356","Royalla",-35.4958481168769,149.17754017198,"2014","U",NA,NA,NA,"Tympanocryptis lineata"
"AA24341","Royalla",-35.512410512027,149.190126563944,"2013","M","A",49.3,4.39,"Tympanocryptis lineata"
"AA24438","Tuggeranong",-35.4557947469616,149.026631628754,"2016","M","SA",43,3.09,"Tympanocryptis lineata"
"AA24439","Royalla",-35.5087279141681,149.185894114299,"2016","F","J",25,0.8,"Tympanocryptis lineata"
"AA24500","Kowen",-35.3319766795143,149.338980004406,"2017","U",NA,NA,NA,"Tympanocryptis lineata"
"AA24123","Kowen",-35.3259709613354,149.339005944335,"2007","F","A",55,5,"Tympanocryptis lineata"
"AA24161","Tuggeranong",-35.4376166172652,149.06602215089,"2008","J","J",28,0.87,"Tympanocryptis lineata"
"AA24205","Tuggeranong",-35.4325169288918,149.032715919995,"2009","J","J",27.5,1,"Tympanocryptis lineata"
"AA24019","Royalla",-35.5080380228336,149.182414421939,"2006","U",NA,NA,NA,"Tympanocryptis lineata"
"AA24206","Kowen",-35.3059029917601,149.32798829768,"2009","M","SA",43.6,2.9,"Tympanocryptis lineata"
"AA24287","Kowen",-35.3226757860195,149.334263320652,"2011","F","A",52,6,"Tympanocryptis lineata"
"AA24440","Royalla",-35.5204552290516,149.18770547339,"2016","M","A",49,3.4,"Tympanocryptis lineata"
"AA24357","Tuggeranong",-35.4431925416525,149.04239236704,"2014","U",NA,NA,NA,"Tympanocryptis lineata"
"AA24342","Royalla",-35.5071786781802,149.169122220308,"2013","M","J",30,1.3,"Tympanocryptis lineata"
"AA24441","Royalla",-35.494516051626,149.198475644165,"2016","U",NA,NA,NA,"Tympanocryptis lineata"
"AA24442","Royalla",-35.5077876713658,149.197092001926,"2016","U",NA,NA,NA,"Tympanocryptis lineata"
"AA24501","Kowen",-35.3042399642376,149.338149798906,"2017","U",NA,NA,NA,"Tympanocryptis lineata"
"AA24124","Tuggeranong",-35.4327734454867,149.032518569255,"2007","M","A",52.8,6.14,"Tympanocryptis lineata"
"AA24162","Tuggeranong",-35.4544000434901,149.0536910427,"2008","J","J",30.5,1.3,"Tympanocryptis lineata"
"AA24207","Tuggeranong",-35.4509801233086,149.042898436751,"2009","J","J",27,1.5,"Tympanocryptis lineata"
"AA24020","Royalla",-35.4926180946593,149.187649369991,"2006","F","SA",43.66666667,4.68,"Tympanocryptis lineata"
"AA24271","Royalla",-35.5066625881591,149.169345509053,"2010","J","J",28,1.2,"Tympanocryptis lineata"
"AA24288","Royalla",-35.4980101015997,149.170252698524,"2011","M","A",56.6,5.8,"Tympanocryptis lineata"
"AA24443","Royalla",-35.4941888715793,149.185969497193,"2016","F","A",57,6.73,"Tympanocryptis lineata"
"AA24358","Tuggeranong",-35.4385903708676,149.043631193407,"2014","U",NA,NA,NA,"Tympanocryptis lineata"
"AA24359","Royalla",-35.4864844400876,149.182952289082,"2014","U",NA,NA,NA,"Tympanocryptis lineata"
"AA24444","Royalla",-35.5091854789904,149.19954224919,"2016","U",NA,NA,NA,"Tympanocryptis lineata"
"AA24502","Kowen",-35.3251323466202,149.32682304886,"2017","U",NA,NA,NA,"Tympanocryptis lineata"
"AA24125","Tuggeranong",-35.4564079622685,149.036358130257,"2007","J","J",24,0.71,"Tympanocryptis lineata"
"AA24163","Tuggeranong",-35.4513232435198,149.052154214558,"2008","M","A",54,4.7,"Tympanocryptis lineata"
"AA24208","Tuggeranong",-35.4495257378473,149.035382887364,"2009","J","J",34,1.52,"Tympanocryptis lineata"
"AA24021","Royalla",-35.5013904824788,149.179555116969,"2006","F","A",69,8,"Tympanocryptis lineata"
"AA24272","Royalla",-35.5015218287602,149.193951941672,"2010","J","J",31,1.24,"Tympanocryptis lineata"
"AA24296","Royalla",-35.5013450452828,149.186214885716,"2012","U",NA,NA,NA,"Tympanocryptis lineata"
"AA24445","Royalla",-35.5032818546408,149.185099719226,"2016","U",NA,NA,NA,"Tympanocryptis lineata"
"AA24360","Tuggeranong",-35.4367984189494,149.035098364725,"2014","F","SA",40.26666667,2.48,"Tympanocryptis lineata"
"AA24343","Royalla",-35.4945982780671,149.169428302255,"2013","U",NA,NA,NA,"Tympanocryptis lineata"
"AA24446","Royalla",-35.5134334922333,149.184689660118,"2016","U",NA,NA,NA,"Tympanocryptis lineata"
"AA24503","Tuggeranong",-35.4476259756626,149.044895182053,"2017","F","A",53,5.8,"Tympanocryptis lineata"
"AA24126","Tuggeranong",-35.4412426460977,149.045607622778,"2007","M","SA",38,2.8,"Tympanocryptis lineata"
"AA24164","Tuggeranong",-35.4443022122345,149.061957449508,"2008","M","SA",47.4,5.4,"Tympanocryptis lineata"
"AA24209","Tuggeranong",-35.458375695883,149.042891242409,"2009","M","A",53,5.1,"Tympanocryptis lineata"
"AA24022","Royalla",-35.4953788555012,149.191692685623,"2006","M","A",50.9,4.71,"Tympanocryptis lineata"
"AA24273","Tuggeranong",-35.4543709985856,149.043688321892,"2010","J","J",37,1.85,"Tympanocryptis lineata"
"AA24289","Royalla",-35.4998135624972,149.159806864839,"2011","J","J",26.7,1.04,"Tympanocryptis lineata"
"AA24508","Kowen",-35.3259049866878,149.328302779092,"2018","U",NA,NA,NA,"Tympanocryptis lineata"
"AA24509","Royalla",-35.510057392602,149.179253742036,"2018","U",NA,NA,NA,"Tympanocryptis lineata"
"AA24558","Googong",-35.4292780649727,149.228773516481,"2020","M","A",50,4.4,"Tympanocryptis lineata"
"AA24510","Kowen",-35.3261646635157,149.329158527096,"2018","U",NA,NA,NA,"Tympanocryptis lineata"
"AA24511","Googong",-35.4600378516688,149.216916709371,"2018","U",NA,NA,NA,"Tympanocryptis lineata"
"AA24512","Royalla",-35.500807297908,149.186916721941,"2018","U",NA,NA,NA,"Tympanocryptis lineata"
"AA24447","Kowen",-35.333555070246,149.338731133537,"2016","U",NA,NA,NA,"Tympanocryptis lineata"
"AA24559","Royalla",-35.5118841644445,149.17867664935,"2020","M","A",59,6.87,"Tympanocryptis lineata"
"AA24448","Kowen",-35.3318058178226,149.34883471748,"2016","U",NA,NA,NA,"Tympanocryptis lineata"
"AA24513","Royalla",-35.5160942986831,149.158539114302,"2018","U",NA,NA,NA,"Tympanocryptis lineata"
"AA24560","Royalla",-35.4887171806258,149.192518994148,"2020","F","SA",44.8,3.9,"Tympanocryptis lineata"
"AA24449","Kowen",-35.3314827842469,149.334565399608,"2016","U",NA,NA,NA,"Tympanocryptis lineata"
"AA24514","Kowen",-35.3066632728279,149.348661924158,"2018","U",NA,NA,NA,"Tympanocryptis lineata"
"AA24561","Googong",-35.4382817572038,149.222393978026,"2020","M","SA",47,3.46,"Tympanocryptis lineata"
"AA24562","Googong",-35.4380198152928,149.234620843959,"2020","M","A",55.3,5.3,"Tympanocryptis lineata"
"AA24165","Tuggeranong",-35.4645713121398,149.061873479373,"2008","J","J",26,0.8,"Tympanocryptis lineata"
"AA24210","Tuggeranong",-35.4473681023385,149.054426738836,"2009","J","J",31,1.26,"Tympanocryptis lineata"
"AA24450","Kowen",-35.315764495798,149.33530039618,"2016","F","A",59.3,6.9,"Tympanocryptis lineata"
"AA24166","Tuggeranong",-35.4409449079059,149.042477008337,"2008","J","J",34.6,1.8,"Tympanocryptis lineata"
"AA24451","Kowen",-35.3378212239753,149.331397269777,"2016","M","SA",47,4.3,"Tympanocryptis lineata"
"AA24127","Tuggeranong",-35.4674562727094,149.05442429118,"2007","M","A",51.2,5.2,"Tympanocryptis lineata"
"AA24167","Kowen",-35.3359167488764,149.33933757584,"2008","U",NA,NA,NA,"Tympanocryptis lineata"
"AA24563","Googong",-35.4332246076375,149.235325384983,"2020","M","A",56.1,5.46,"Tympanocryptis lineata"
"AA24211","Tuggeranong",-35.4513180987785,149.043722657924,"2009","M","A",51,5.22,"Tympanocryptis lineata"
"AA24023","Tuggeranong",-35.4651192836929,149.049225833864,"2006","M","A",52.8,5.33,"Tympanocryptis lineata"
"AA24274","Kowen",-35.3292829493093,149.337634115597,"2010","M","A",52.6,4.56,"Tympanocryptis lineata"
"AA24024","Tuggeranong",-35.4327270733247,149.039081525188,"2006","M","A",52,6.08,"Tympanocryptis lineata"
"AA24452","Kowen",-35.3330262745045,149.346643736762,"2016","M","SA",42.9,3.13,"Tympanocryptis lineata"
"AA24344","Kowen",-35.3335251719246,149.330779228144,"2013","M","A",52,5.5,"Tympanocryptis lineata"
"AA24168","Tuggeranong",-35.4408416768649,149.041889725456,"2008","J","J",25.8,0.7,"Tympanocryptis lineata"
"AA24128","Tuggeranong",-35.448867063985,149.04218191832,"2007","J","J",36,1.62,"Tympanocryptis lineata"
"AA24169","Tuggeranong",-35.4436329841053,149.045734153277,"2008","J","J",32,0.89,"Tympanocryptis lineata"
"AA24170","Tuggeranong",-35.4488933602417,149.053539090465,"2008","J","J",35,1.45,"Tympanocryptis lineata"
"AA24129","Kowen",-35.3201317409634,149.34607363227,"2007","M","A",52,4.9,"Tympanocryptis lineata"
"AA24171","Tuggeranong",-35.4272285404817,149.053377201568,"2008","F","SA",39.5,2.66,"Tympanocryptis lineata"
"AA24212","Kowen",-35.3211772017179,149.336088476336,"2009","M","SA",40,3,"Tympanocryptis lineata"
"AA24453","Kowen",-35.3361887839862,149.338846837485,"2016","M","SA",46,3.24,"Tympanocryptis lineata"
"AA24454","Kowen",-35.3133661323721,149.345611281722,"2016","U",NA,NA,NA,"Tympanocryptis lineata"
"AA24213","Kowen",-35.3241909865134,149.340421949947,"2009","M","J",36,1.8,"Tympanocryptis lineata"
"AA24275","Kowen",-35.3335762635757,149.337005335145,"2010","U",NA,NA,NA,"Tympanocryptis lineata"
"AA24455","Kowen",-35.3399133613541,149.321343745789,"2016","U",NA,NA,NA,"Tympanocryptis lineata"
"AA24172","Tuggeranong",-35.4531650688716,149.053161198144,"2008","J","J",33,1.19,"Tympanocryptis lineata"
"AA24276","Tuggeranong",-35.4243039836915,149.036061636048,"2010","J","J",37,1.47,"Tympanocryptis lineata"
"AA24214","Tuggeranong",-35.437159399531,149.050388612924,"2009","J","J",31.1,0.93,"Tympanocryptis lineata"
"AA24173","Tuggeranong",-35.4440187984309,149.049967136787,"2008","J","J",30.4,1.68,"Tympanocryptis lineata"
"AA24564","Googong",-35.4412071358705,149.217033318025,"2020","M","A",49,5.2,"Tympanocryptis lineata"
"AA24174","Tuggeranong",-35.4400515696999,149.045283199496,"2008","J","J",28.2,0.85,"Tympanocryptis lineata"
"AA24175","Kowen",-35.3141061786466,149.329727012175,"2008","U",NA,NA,NA,"Tympanocryptis lineata"
"AA24215","Kowen",-35.3362971388871,149.352456634533,"2009","F","A",60,8.9,"Tympanocryptis lineata"
"AA24025","Tuggeranong",-35.4346036821391,149.060980906316,"2006","M","J",34,2.2,"Tympanocryptis lineata"
"AA24130","Tuggeranong",-35.4330838081287,149.039643878399,"2007","J","J",27,0.8,"Tympanocryptis lineata"
"AA24216","Kowen",-35.329985733125,149.343279381646,"2009","M","SA",47.3,3.08,"Tympanocryptis lineata"
"AA24217","Kowen",-35.3317722953442,149.357903559834,"2009","M","J",37,1.45,"Tympanocryptis lineata"
"AA24176","Tuggeranong",-35.42801479721,149.048116601506,"2008","J","J",37.8,2.4,"Tympanocryptis lineata"
"AA24218","Tuggeranong",-35.4327724657994,149.02598445785,"2009","M","SA",47.4,4.5,"Tympanocryptis lineata"
"AA24026","Tuggeranong",-35.4355461816089,149.046387900939,"2006","M","J",32,1.38,"Tympanocryptis lineata"
"AA24456","Kowen",-35.3225309183249,149.328043588219,"2016","F","A",59.6,7.76,"Tympanocryptis lineata"
"AA24219","Tuggeranong",-35.4512219534406,149.053390800085,"2009","M","A",50,4.86,"Tympanocryptis lineata"
"AA24177","Tuggeranong",-35.4243572623301,149.03920482551,"2008","J","J",28,0.8,"Tympanocryptis lineata"
"AA24220","Kowen",-35.3284158012303,149.343861448732,"2009","M","SA",46,3.2,"Tympanocryptis lineata"
"AA24345","Kowen",-35.2993946214996,149.334890831726,"2013","M","A",51.7,5.8,"Tympanocryptis lineata"
"AA24131","Tuggeranong",-35.4451188116268,149.043769919052,"2007","J","J",30.1,1.17,"Tympanocryptis lineata"
"AA24565","Googong",-35.4515791714488,149.225611456954,"2020","F","J",23,0.8,"Tympanocryptis lineata"
"AA24178","Tuggeranong",-35.4629770628246,149.025962964943,"2008","M","A",56,5.5,"Tympanocryptis lineata"
"AA24277","Kowen",-35.3278956213394,149.345858050503,"2010","U",NA,NA,NA,"Tympanocryptis lineata"
"AA24515","Googong",-35.4590726005026,149.21571715618,"2018","U",NA,NA,NA,"Tympanocryptis lineata"
"AA24179","Tuggeranong",-35.436462199407,149.046070508981,"2008","F","J",35.5,1.94,"Tympanocryptis lineata"
"AA24027","Tuggeranong",-35.4383148636073,149.032488874646,"2006","M","A",49,3.41,"Tympanocryptis lineata"
"AA24516","Googong",-35.4454934109709,149.231340477899,"2018","U",NA,NA,NA,"Tympanocryptis lineata"
"AA24457","Kowen",-35.3064077706139,149.334169262655,"2016","M","J",34,1.37,"Tympanocryptis lineata"
"AA24221","Kowen",-35.3260468384268,149.338491556899,"2009","F","SA",39.8,2.82,"Tympanocryptis lineata"
"AA24458","Kowen",-35.3324905721474,149.330494133021,"2016","U",NA,NA,NA,"Tympanocryptis lineata"
"AA24028","Tuggeranong",-35.4519886577366,149.040435772532,"2006","F","A",49,4.45,"Tympanocryptis lineata"
"AA24029","Tuggeranong",-35.4413009860427,149.049610560634,"2006","F","J",34.6,1.84,"Tympanocryptis lineata"
"AA24030","Tuggeranong",-35.4533327409505,149.062627785526,"2006","F","A",57.83333333,8.38,"Tympanocryptis lineata"
"AA24180","Tuggeranong",-35.4349339954618,149.05253081692,"2008","J","J",35.9,1.78,"Tympanocryptis lineata"
"AA24459","Tuggeranong",-35.453263078461,149.057969887023,"2016","M","A",53,5.5,"Tympanocryptis lineata"
"AA24222","Kowen",-35.3263803244255,149.332699876739,"2009","J","J",33.36666667,1.54,"Tympanocryptis lineata"
"AA24517","Googong",-35.4278111935756,149.219450446529,"2018","M","SA",42,2.3,"Tympanocryptis lineata"
"AA24031","Tuggeranong",-35.4484337464013,149.038212328619,"2006","F","A",55.3,5.73,"Tympanocryptis lineata"
"AA24032","Tuggeranong",-35.4482322849635,149.034228172477,"2006","F","A",56,6,"Tympanocryptis lineata"
"AA24566","Googong",-35.4345931906436,149.242892617936,"2020","F","A",50,6.16,"Tympanocryptis lineata"
"AA24460","Kowen",-35.3225616035795,149.331789023665,"2016","U",NA,NA,NA,"Tympanocryptis lineata"
"AA24278","Tuggeranong",-35.4318735282313,149.044598422592,"2010","M","A",54,6.17,"Tympanocryptis lineata"
"AA24132","Tuggeranong",-35.4404661592713,149.034454920935,"2007","M","SA",41,2.9,"Tympanocryptis lineata"
"AA24033","Tuggeranong",-35.4541769384338,149.044018455042,"2006","M","SA",40.66666667,3.78,"Tympanocryptis lineata"
"AA24133","Kowen",-35.3223517173515,149.334951221586,"2007","F","SA",45,3,"Tympanocryptis lineata"
"AA24034","Tuggeranong",-35.4413073901362,149.038484133332,"2006","M","SA",48,5.4,"Tympanocryptis lineata"
"AA24223","Tuggeranong",-35.4343468851122,149.037495805355,"2009","M","A",51,6,"Tympanocryptis lineata"
"AA24461","Kowen",-35.3091748025524,149.343259390351,"2016","M","A",51.3,4.97,"Tympanocryptis lineata"
"AA24224","Kowen",-35.33700720044,149.354669454666,"2009","J","J",35.8,2.04,"Tympanocryptis lineata"
"AA24462","Tuggeranong",-35.4568851219128,149.040861454667,"2016","M","A",50.8,4.77,"Tympanocryptis lineata"
"AA24346","Kowen",-35.3193443275514,149.343959240548,"2013","M","J",36,1.83,"Tympanocryptis lineata"
"AA24347","Kowen",-35.3145402184436,149.340630426094,"2013","U",NA,NA,NA,"Tympanocryptis lineata"
"AA24225","Tuggeranong",-35.4240980167719,149.05147029402,"2009","J","J",31,1.1,"Tympanocryptis lineata"
"AA24226","Kowen",-35.3373720050815,149.352475678548,"2009","F","A",50,4.51,"Tympanocryptis lineata"
"AA24227","Tuggeranong",-35.4623535574978,149.050656386751,"2009","J","J",31,1.1,"Tympanocryptis lineata"
"AA24463","Kowen",-35.3448149511288,149.347941537577,"2016","M","SA",43.2,3.12,"Tympanocryptis lineata"
"AA24567","Googong",-35.4347674598291,149.225243561192,"2020","U",NA,NA,NA,"Tympanocryptis lineata"
"AA24228","Tuggeranong",-35.4449613298705,149.042786095987,"2009","M","A",55.1,7.07,"Tympanocryptis lineata"
"AA24181","Tuggeranong",-35.4282114564215,149.039878541551,"2008","M","A",50,4.8,"Tympanocryptis lineata"
"AA24279","Tuggeranong",-35.4304980301506,149.042297146345,"2010","M","A",50.7,6.3,"Tympanocryptis lineata"
"AA24229","Tuggeranong",-35.4487337152763,149.036128236271,"2009","F","SA",44.5,3.38,"Tympanocryptis lineata"
"AA24464","Kowen",-35.3240908250502,149.332193487341,"2016","U",NA,NA,NA,"Tympanocryptis lineata"
"AA24465","Kowen",-35.3348818685563,149.326428644543,"2016","U",NA,NA,NA,"Tympanocryptis lineata"
"AA24230","Tuggeranong",-35.4346683415986,149.048857407445,"2009","M","SA",42,2.76,"Tympanocryptis lineata"
"AA24466","Kowen",-35.334540339586,149.339858451354,"2016","U",NA,NA,NA,"Tympanocryptis lineata"
"AA24035","Tuggeranong",-35.4570711724248,149.038776732929,"2006","M","A",49,5.42,"Tympanocryptis lineata"
"AA24231","Tuggeranong",-35.4302854499492,149.042117269807,"2009","F","J",37.9,1.73,"Tympanocryptis lineata"
"AA24348","Kowen",-35.3216907436128,149.338123331719,"2013","U",NA,NA,NA,"Tympanocryptis lineata"
"AA24290","Tuggeranong",-35.4415593295002,149.037872980817,"2011","J","J",31.5,0.98,"Tympanocryptis lineata"
"AA24036","Tuggeranong",-35.4339650896931,149.030619231092,"2006","M","A",53,5.8,"Tympanocryptis lineata"
"AA24518","Googong",-35.4254084467543,149.234380498526,"2018","U",NA,NA,NA,"Tympanocryptis lineata"
"AA24037","Tuggeranong",-35.450011397536,149.03946442304,"2006","M","A",50.8,6.32,"Tympanocryptis lineata"
"AA24467","Kowen",-35.3070069792656,149.343657874596,"2016","U",NA,NA,NA,"Tympanocryptis lineata"
"AA24038","Tuggeranong",-35.4255565340964,149.041302585361,"2006","F","A",62.8,6.17,"Tympanocryptis lineata"
"AA24134","Tuggeranong",-35.4231716380479,149.051587440562,"2007","M","SA",41,3.21,"Tympanocryptis lineata"
"AA24135","Tuggeranong",-35.4450432497684,149.044282621724,"2007","M","SA",45,3,"Tympanocryptis lineata"
"AA24136","Tuggeranong",-35.449222081603,149.045675656694,"2007","F","A",58,6.11,"Tympanocryptis lineata"
"AA24039","Tuggeranong",-35.4460515763085,149.047767716633,"2006","F","J",35.76666667,1.59,"Tympanocryptis lineata"
"AA24468","Kowen",-35.315484741648,149.337127323588,"2016","U",NA,NA,NA,"Tympanocryptis lineata"
"AA24232","Kowen",-35.3134875475042,149.3283749672,"2009","F","A",53.8,5.69,"Tympanocryptis lineata"
"AA24040","Tuggeranong",-35.4527424959868,149.042143136509,"2006","M","J",36,2.33,"Tympanocryptis lineata"
"AA24041","Tuggeranong",-35.4554768596401,149.037698680504,"2006","F","A",60,8.06,"Tympanocryptis lineata"
"AA24042","Tuggeranong",-35.4311429362828,149.030284003812,"2006","F","SA",43.7,2.6,"Tympanocryptis lineata"
"AA24568","Googong",-35.4403065242793,149.23258016264,"2020","M","A",55,7.1,"Tympanocryptis lineata"
"AA24043","Tuggeranong",-35.4395177483101,149.045505817344,"2006","F","SA",46.5,5.9,"Tympanocryptis lineata"
"AA24137","Tuggeranong",-35.4400473693478,149.062512599194,"2007","J","J",34,1.38,"Tympanocryptis lineata"
"AA24138","Tuggeranong",-35.4395293358397,149.050486007493,"2007","J","J",31.8,1.3,"Tympanocryptis lineata"
"AA24233","Tuggeranong",-35.4332200632836,149.033134374115,"2009","F","J",30.48,1.7,"Tympanocryptis lineata"
"AA24044","Tuggeranong",-35.4476973702437,149.03746607426,"2006","F","SA",40.4,3.3,"Tympanocryptis lineata"
"AA24469","Kowen",-35.3373958597337,149.334571535024,"2016","U",NA,NA,NA,"Tympanocryptis lineata"
"AA24470","Kowen",-35.310308356799,149.318777835647,"2016","U",NA,NA,NA,"Tympanocryptis lineata"
"AA24519","Googong",-35.4280386856593,149.225818066503,"2018","U",NA,NA,NA,"Tympanocryptis lineata"
"AA24520","Googong",-35.4127004091992,149.238596369833,"2018","U",NA,NA,NA,"Tympanocryptis lineata"
"AA24521","Googong",-35.4457553109362,149.218564406774,"2018","U",NA,NA,NA,"Tympanocryptis lineata"
"AA24471","Kowen",-35.3096610010276,149.337746941648,"2016","U",NA,NA,NA,"Tympanocryptis lineata"
"AA24569","Googong",-35.4179147829158,149.250878152306,"2020","M","A",54,5,"Tympanocryptis lineata"
"AA24139","Kowen",-35.3205564568979,149.333838746011,"2007","F","A",55.2,5.78,"Tympanocryptis lineata"
"AA24140","Tuggeranong",-35.4444586840963,149.054272615294,"2007","J","J",27.6,1.2,"Tympanocryptis lineata"
"AA24234","Tuggeranong",-35.447547315245,149.043698735724,"2009","F","J",33.4,1.71,"Tympanocryptis lineata"
"AA24570","Googong",-35.4275611636397,149.232796303403,"2020","M","SA",43,3.3,"Tympanocryptis lineata"
"AA24472","Kowen",-35.3198392364848,149.324932611758,"2016","U",NA,NA,NA,"Tympanocryptis lineata"
"AA24473","Tuggeranong",-35.4368555609533,149.043685054954,"2016","M","SA",48,4.09,"Tympanocryptis lineata"
"AA24474","Kowen",-35.321236627509,149.340322373526,"2016","U",NA,NA,NA,"Tympanocryptis lineata"
"AA24045","Tuggeranong",-35.4607044099146,149.051150072666,"2006","F","A",52.46666667,6.89,"Tympanocryptis lineata"
"AA24522","Googong",-35.4425298697722,149.212637862378,"2018","U",NA,NA,NA,"Tympanocryptis lineata"
"AA24571","Googong",-35.4371321033342,149.231879170754,"2020","F","A",50,4.2,"Tympanocryptis lineata"
"AA24572","Googong",-35.4471245890793,149.226582970864,"2020","M","A",52,5.5,"Tympanocryptis lineata"
"AA24280","Kowen",-35.3293482810655,149.325720527936,"2010","U",NA,NA,NA,"Tympanocryptis lineata"
"AA24141","Tuggeranong",-35.4405569290462,149.032471828436,"2007","F","J",36,1.6,"Tympanocryptis lineata"
"AA24182","Tuggeranong",-35.437391442837,149.032104248587,"2008","J","J",29,1.11,"Tympanocryptis lineata"
"AA24523","Googong",-35.454192481725,149.236273337224,"2018","U",NA,NA,NA,"Tympanocryptis lineata"
"AA24475","Kowen",-35.3292062067871,149.332953757779,"2016","M","A",55,4.99,"Tympanocryptis lineata"
"AA24281","Tuggeranong",-35.4514530220238,149.040079076633,"2010","J","J",25.1,0.6,"Tympanocryptis lineata"
"AA24476","Tuggeranong",-35.454998582453,149.028277611912,"2016","M","A",48.2,5.8,"Tympanocryptis lineata"
"AA24524","Googong",-35.4540758496402,149.242600296939,"2018","U",NA,NA,NA,"Tympanocryptis lineata"
"AA24525","Googong",-35.4334051709463,149.246756916006,"2018","U",NA,NA,NA,"Tympanocryptis lineata"
"AA24046","Tuggeranong",-35.4517822846499,149.041065013141,"2006","M","A",57,5.4,"Tympanocryptis lineata"
"AA24477","Kowen",-35.3344486128469,149.35678059706,"2016","M","A",53,4.81,"Tympanocryptis lineata"
"AA24142","Kowen",-35.3262218297827,149.316710471407,"2007","F","SA",41.6,2.68,"Tympanocryptis lineata"
"AA24282","Kowen",-35.3346815107402,149.323831399902,"2010","U",NA,NA,NA,"Tympanocryptis lineata"
"AA24235","Tuggeranong",-35.4220456615037,149.046171317496,"2009","J","J",29,0.86,"Tympanocryptis lineata"
"AA24236","Tuggeranong",-35.4507792257407,149.040932113245,"2009","M","A",50.3,5.46,"Tympanocryptis lineata"
"AA24047","Tuggeranong",-35.4253428303193,149.033704199505,"2006","M","A",53,6,"Tympanocryptis lineata"
"AA24478","Kowen",-35.3344295732241,149.347393480463,"2016","U",NA,NA,NA,"Tympanocryptis lineata"
"AA24237","Kowen",-35.3213059644615,149.340533923066,"2009","F","A",53,6.3,"Tympanocryptis lineata"
"AA24479","Tuggeranong",-35.4428882697736,149.055105636821,"2016","F","J",35.36666667,1.69,"Tympanocryptis lineata"
"AA24526","Googong",-35.4496091802784,149.234633808687,"2018","U",NA,NA,NA,"Tympanocryptis lineata"
"AA24527","Googong",-35.4457028775451,149.239301503329,"2018","U",NA,NA,NA,"Tympanocryptis lineata"
"AA24480","Kowen",-35.3275799290291,149.332923211084,"2016","U",NA,NA,NA,"Tympanocryptis lineata"
"AA24048","Tuggeranong",-35.4419801691203,149.055173899874,"2006","M","SA",47,3,"Tympanocryptis lineata"
"AA24143","Kowen",-35.3232367123693,149.326621533918,"2007","F","A",61.9,6.9,"Tympanocryptis lineata"
"AA24183","Kowen",-35.3227931147633,149.3244095848,"2008","U",NA,NA,NA,"Tympanocryptis lineata"
"AA24283","Kowen",-35.3149496416326,149.34117958224,"2010","U",NA,NA,NA,"Tympanocryptis lineata"
"AA24184","Tuggeranong",-35.4376862689827,149.033458096509,"2008","F","A",51.8,5.81,"Tympanocryptis lineata"
"AA24049","Tuggeranong",-35.4494325492272,149.047094926514,"2006","M","A",48.6,4.1,"Tympanocryptis lineata"
"AA24297","Tuggeranong",-35.4555211850448,149.044489157327,"2012","F","A",53,5.8,"Tympanocryptis lineata"
"AA24291","Tuggeranong",-35.4306208203755,149.036588380881,"2011","M","A",53.8,6.03,"Tympanocryptis lineata"
"AA24528","Googong",-35.4307104778918,149.235119461897,"2018","M","SA",47.8,4.7,"Tympanocryptis lineata"
"AA24050","Tuggeranong",-35.4481348951825,149.050101488458,"2006","M","A",59,7.33,"Tympanocryptis lineata"
"AA24051","Tuggeranong",-35.4527763238525,149.049290513082,"2006","U",NA,NA,NA,"Tympanocryptis lineata"
"AA24573","Googong",-35.4474509528546,149.248063985126,"2020","F","A",54.8,6.6,"Tympanocryptis lineata"
"AA24144","Kowen",-35.3220650125788,149.323756541943,"2007","F","A",54,5.7,"Tympanocryptis lineata"
"AA24145","Kowen",-35.3179794393911,149.353359290001,"2007","U",NA,NA,NA,"Tympanocryptis lineata"
"AA24146","Tuggeranong",-35.4459378791652,149.047583719676,"2007","J","J",32.6,1.33,"Tympanocryptis lineata"
"AA24238","Tuggeranong",-35.4326033752576,149.037611600424,"2009","M","A",51,6.2,"Tympanocryptis lineata"
"AA24529","Googong",-35.4482284805903,149.228924204305,"2018","M","A",51,4.82,"Tympanocryptis lineata"
"AA24239","Tuggeranong",-35.458058434377,149.036576712856,"2009","J","J",33.46666667,1.11,"Tympanocryptis lineata"
"AA24481","Kowen",-35.3379149590943,149.340316003404,"2016","M","A",51,5,"Tympanocryptis lineata"
"AA24530","Googong",-35.4329809015519,149.221573138232,"2018","U",NA,NA,NA,"Tympanocryptis lineata"
"AA24052","Tuggeranong",-35.4574561650812,149.046793811216,"2006","M","A",48.73333333,3.81,"Tympanocryptis lineata"
"AA24053","Tuggeranong",-35.4421244185041,149.057312377774,"2006","F","SA",44,3.42,"Tympanocryptis lineata"
"AA24054","Tuggeranong",-35.4378720514777,149.050720720232,"2006","F","J",34.36666667,1.36,"Tympanocryptis lineata"
"AA24147","Tuggeranong",-35.4424032690036,149.038587272784,"2007","J","J",35.4,1.79,"Tympanocryptis lineata"
"AA24240","Tuggeranong",-35.4622183010615,149.029950324894,"2009","J","J",33.1,1.4,"Tympanocryptis lineata"
"AA24148","Tuggeranong",-35.4414187106152,149.029713020617,"2007","J","J",36,2.31,"Tympanocryptis lineata"
"AA24241","Tuggeranong",-35.4394998189739,149.032548001733,"2009","J","J",36,1.71,"Tympanocryptis lineata"
"AA24482","Kowen",-35.312606837418,149.310398916261,"2016","F","J",34,1.51,"Tympanocryptis lineata"
"AA24483","Kowen",-35.3258494509409,149.335191244666,"2016","U",NA,NA,NA,"Tympanocryptis lineata"
"AA24581","Googong",-35.4392186530403,149.238773222371,"2021","U",NA,NA,NA,"Tympanocryptis lineata"
"AA24582","Googong",-35.4464987694796,149.199153635962,"2021","U",NA,NA,NA,"Tympanocryptis lineata"
"AA24484","Royalla",-35.5170286576063,149.181805467564,"2016","U",NA,NA,NA,"Tympanocryptis lineata"
"AA24485","Royalla",-35.5042444698501,149.184435952243,"2016","U",NA,NA,NA,"Tympanocryptis lineata"
"AA24486","Kowen",-35.3240395927242,149.345843141015,"2016","U",NA,NA,NA,"Tympanocryptis lineata"
"AA24583","Googong",-35.4520136284909,149.214512445734,"2021","M","A",51.6,5.4,"Tympanocryptis lineata"
"AA24584","Googong",-35.4397728684565,149.231319582331,"2021","U",NA,NA,NA,"Tympanocryptis lineata"
"AA24585","Royalla",-35.4997116743205,149.193127512899,"2021","U",NA,NA,NA,"Tympanocryptis lineata"
"AA24617","Unknown",NA,NA,"unknown","U",NA,NA,NA,"Tympanocryptis lineata"
"AA24487","Royalla",-35.5190434310977,149.167265940864,"2016","U",NA,NA,NA,"Tympanocryptis lineata"
"AA24488","Royalla",-35.5068804262023,149.175677964943,"2016","U",NA,NA,NA,"Tympanocryptis lineata"
"AA24586","Googong",-35.4508015489337,149.223784796285,"2021","F","A",52,5.8,"Tympanocryptis lineata"
"AA24587","Googong",-35.4321681297113,149.246482852197,"2021","U",NA,NA,NA,"Tympanocryptis lineata"
"AA24489","Royalla",-35.5175611808295,149.178435668648,"2016","U",NA,NA,NA,"Tympanocryptis lineata"
"AA24588","Googong",-35.4427773815791,149.230609790303,"2021","M","A",53,5.4,"Tympanocryptis lineata"
"AA24589","Googong",-35.4489967651106,149.24862456393,"2021","U",NA,NA,NA,"Tympanocryptis lineata"
"AA24490","Royalla",-35.5004671499,149.196264923807,"2016","U",NA,NA,NA,"Tympanocryptis lineata"
"AA24491","Royalla",-35.5172670609012,149.185824221184,"2016","U",NA,NA,NA,"Tympanocryptis lineata"
"AA24531","Kowen",-35.3292718291576,149.337426570196,"2018","U",NA,NA,NA,"Tympanocryptis lineata"
"AA24590","Googong",-35.441740664303,149.243643735174,"2021","M","SA",41,2.1,"Tympanocryptis lineata"
"AA24492","Royalla",-35.5012089906603,149.188481942431,"2016","U",NA,NA,NA,"Tympanocryptis lineata"
"AA24493","Kowen",-35.330770467422,149.350777499483,"2016","U",NA,NA,NA,"Tympanocryptis lineata"
"AA24494","Royalla",-35.5089972919945,149.191526969494,"2016","U",NA,NA,NA,"Tympanocryptis lineata"
"AA24574","Royalla",-35.4927236615122,149.19489131934,"2020","M","A",49.2,4.22,"Tympanocryptis lineata"
"AA24591","Googong",-35.448804951907,149.226877418088,"2021","U",NA,NA,NA,"Tympanocryptis lineata"
"AA24495","Kowen",-35.3223760515596,149.34479976922,"2016","U",NA,NA,NA,"Tympanocryptis lineata"
"AA24496","Royalla",-35.4980070584147,149.177249690797,"2016","U",NA,NA,NA,"Tympanocryptis lineata"
"AA24592","Googong",-35.4373942272742,149.229546110124,"2021","U",NA,NA,NA,"Tympanocryptis lineata"
"AA24593","Googong",-35.4252834372512,149.230284430273,"2021","U",NA,NA,NA,"Tympanocryptis lineata"
"AA24497","Kowen",-35.3261668831942,149.330464055675,"2016","U",NA,NA,NA,"Tympanocryptis lineata"
"AA24498","Royalla",-35.5057394056891,149.18528927303,"2016","U",NA,NA,NA,"Tympanocryptis lineata"
"AA24594","Googong",-35.4250164911616,149.23201700944,"2021","M","A",50,4.4,"Tympanocryptis lineata"
"AA24595","Googong",-35.4440140371217,149.228561869083,"2021","F","A",55.9,6,"Tympanocryptis lineata"
"AA24499","Royalla",-35.5127650882124,149.182903109767,"2016","U",NA,NA,NA,"Tympanocryptis lineata"
"AA24055","Tuggeranong",-35.4457342584005,149.037422398988,"2006","U",NA,NA,NA,"Tympanocryptis lineata"
"AA24185","Tuggeranong",-35.4483727102803,149.048594059943,"2008","U",NA,NA,NA,"Tympanocryptis lineata"
"AA24242","Tuggeranong",-35.4302995380005,149.057877419042,"2009","M","SA",48,3.9,"Tympanocryptis lineata"
"AA24149","Royalla",-35.4879800870489,149.170953337203,"2007","M","SA",48,6.33,"Tympanocryptis lineata"
"AA24056","Tuggeranong",-35.4564405725217,149.045793366015,"2006","U",NA,NA,NA,"Tympanocryptis lineata"
"AA24057","Tuggeranong",-35.4488690220275,149.042901818146,"2006","U",NA,NA,NA,"Tympanocryptis lineata"
"AA24058","Tuggeranong",-35.4319222305103,149.040501321131,"2006","U",NA,NA,NA,"Tympanocryptis lineata"
"AA24059","Tuggeranong",-35.4254994962002,149.036724711666,"2006","U",NA,NA,NA,"Tympanocryptis lineata"
"AA24060","Tuggeranong",-35.4364556780048,149.055267841949,"2006","F","SA",40.7,3.44,"Tympanocryptis lineata"
"AA24504","Kowen",-35.3207171628911,149.343246820048,"2017","F","SA",43.7,2.79,"Tympanocryptis lineata"
"AA24532","Googong",-35.4248696878383,149.258142827181,"2018","U",NA,NA,NA,"Tympanocryptis lineata"
"AA24575","Kowen",-35.3389093395627,149.339056410216,"2020","M","A",52,6,"Tympanocryptis lineata"
"AA24061","Tuggeranong",-35.4288363252506,149.049093095713,"2006","U",NA,NA,NA,"Tympanocryptis lineata"
"AA24186","Tuggeranong",-35.4357242837738,149.042892219851,"2008","U",NA,NA,NA,"Tympanocryptis lineata"
"AA24243","Tuggeranong",-35.4027399573365,149.055216719238,"2009","U",NA,NA,NA,"Tympanocryptis lineata"
"AA24244","Royalla",-35.4871538981219,149.180013411689,"2009","U",NA,NA,NA,"Tympanocryptis lineata"
"AA24062","Tuggeranong",-35.4375906282755,149.049727522745,"2006","U",NA,NA,NA,"Tympanocryptis lineata"
"AA24063","Tuggeranong",-35.4456020486091,149.041468850771,"2006","U",NA,NA,NA,"Tympanocryptis lineata"
"AA24064","Tuggeranong",-35.4401142612571,149.028422765769,"2006","U",NA,NA,NA,"Tympanocryptis lineata"
"AA24065","Tuggeranong",-35.4434305827437,149.037431685992,"2006","U",NA,NA,NA,"Tympanocryptis lineata"
"AA24066","Tuggeranong",-35.4464626321258,149.021467820429,"2006","U",NA,NA,NA,"Tympanocryptis lineata"
"AA24505","Kowen",-35.3323736827882,149.334548741901,"2017","U",NA,NA,NA,"Tympanocryptis lineata"
"AA24533","Googong",-35.4331943804757,149.216294165562,"2018","U",NA,NA,NA,"Tympanocryptis lineata"
"AA24596","Googong",-35.4440866040148,149.236027766873,"2021","U",NA,NA,NA,"Tympanocryptis lineata"
"AA24067","Tuggeranong",-35.4445291241051,149.058532132996,"2006","U",NA,NA,NA,"Tympanocryptis lineata"
"AA24245","Royalla",-35.4947070031484,149.18671739575,"2009","U",NA,NA,NA,"Tympanocryptis lineata"
"AA24246","Royalla",-35.5110240441719,149.187615959217,"2009","M","A",52.8,6.45,"Tympanocryptis lineata"
"AA24247","Royalla",-35.5002292772363,149.188001228386,"2009","U",NA,NA,NA,"Tympanocryptis lineata"
"AA24068","Tuggeranong",-35.4498889379681,149.047149898265,"2006","U",NA,NA,NA,"Tympanocryptis lineata"
"AA24069","Tuggeranong",-35.4377427790324,149.049339959493,"2006","U",NA,NA,NA,"Tympanocryptis lineata"
"AA24070","Tuggeranong",-35.445687424755,149.038557213671,"2006","U",NA,NA,NA,"Tympanocryptis lineata"
"AA24071","Tuggeranong",-35.4560851723308,149.025539128984,"2006","U",NA,NA,NA,"Tympanocryptis lineata"
"AA24072","Tuggeranong",-35.4424554902747,149.06770053623,"2006","F","A",51.8,7,"Tympanocryptis lineata"
"AA24534","Googong",-35.4453167240841,149.230410198262,"2018","U",NA,NA,NA,"Tympanocryptis lineata"
"AA24535","Googong",-35.4207294374025,149.229972192496,"2018","U",NA,NA,NA,"Tympanocryptis lineata"
"AA24073","Tuggeranong",-35.4337223808747,149.052870951577,"2006","U",NA,NA,NA,"Tympanocryptis lineata"
"AA24074","Tuggeranong",-35.4503555787583,149.059573277654,"2006","U",NA,NA,NA,"Tympanocryptis lineata"
"AA24248","Royalla",-35.5058840739337,149.174683865288,"2009","U",NA,NA,NA,"Tympanocryptis lineata"
"AA24249","Royalla",-35.5065846754493,149.175631041042,"2009","F","A",55,5.74,"Tympanocryptis lineata"
"AA24250","Royalla",-35.5186454815977,149.171695385806,"2009","U",NA,NA,NA,"Tympanocryptis lineata"
"AA24075","Tuggeranong",-35.4350835961648,149.025172085193,"2006","U",NA,NA,NA,"Tympanocryptis lineata"
"AA24076","Tuggeranong",-35.4271584872281,149.044536538296,"2006","U",NA,NA,NA,"Tympanocryptis lineata"
"AA24077","Tuggeranong",-35.4469817558016,149.036885204493,"2006","U",NA,NA,NA,"Tympanocryptis lineata"
"AA24078","Tuggeranong",-35.4318150900239,149.041556652056,"2006","U",NA,NA,NA,"Tympanocryptis lineata"
"AA24079","Tuggeranong",-35.4357066465539,149.032065065606,"2006","U",NA,NA,NA,"Tympanocryptis lineata"
"AA24536","Kowen",-35.3184822660725,149.325176857573,"2018","U",NA,NA,NA,"Tympanocryptis lineata"
"AA24576","Kowen",-35.3366260447506,149.335085775261,"2020","F","SA",43.53333333,2.29,"Tympanocryptis lineata"
"AA24080","Tuggeranong",-35.4536973554818,149.056875734778,"2006","U",NA,NA,NA,"Tympanocryptis lineata"
"AA24081","Tuggeranong",-35.4346228191621,149.036639811076,"2006","U",NA,NA,NA,"Tympanocryptis lineata"
"AA24251","Tuggeranong",-35.4247837645362,149.036674853414,"2009","M","A",54,5.9,"Tympanocryptis lineata"
"AA24252","Royalla",-35.5080636512441,149.177959557291,"2009","M","SA",43,3.78,"Tympanocryptis lineata"
"AA24253","Tuggeranong",-35.4492321781684,149.04373501301,"2009","U",NA,NA,NA,"Tympanocryptis lineata"
"AA24082","Tuggeranong",-35.4374137133175,149.06215120857,"2006","M","SA",40.5,2.69,"Tympanocryptis lineata"
"AA24083","Tuggeranong",-35.4407733525636,149.056241770945,"2006","U",NA,NA,NA,"Tympanocryptis lineata"
"AA24084","Tuggeranong",-35.4532546157464,149.047161067373,"2006","U",NA,NA,NA,"Tympanocryptis lineata"
"AA24085","Tuggeranong",-35.4491383028173,149.033538908072,"2006","F","J",37,2.4,"Tympanocryptis lineata"
"AA24086","Tuggeranong",-35.4380735810806,149.043772676417,"2006","U",NA,NA,NA,"Tympanocryptis lineata"
"AA24537","Googong",-35.4428248171587,149.250522142524,"2018","U",NA,NA,NA,"Tympanocryptis lineata"
"AA24577","Googong",-35.4310105960537,149.210758002131,"2020","M","SA",48,4,"Tympanocryptis lineata"
"AA24087","Tuggeranong",-35.4585898128349,149.046665394121,"2006","U",NA,NA,NA,"Tympanocryptis lineata"
"AA24088","Tuggeranong",-35.4436732455485,149.046992685953,"2006","U",NA,NA,NA,"Tympanocryptis lineata"
"AA24254","Kowen",-35.3184509239816,149.344010046471,"2009","U",NA,NA,NA,"Tympanocryptis lineata"
"AA24255","Royalla",-35.5139765426682,149.193673655857,"2009","U",NA,NA,NA,"Tympanocryptis lineata"
"AA24256","Tuggeranong",-35.4330002004035,149.050261191918,"2009","U",NA,NA,NA,"Tympanocryptis lineata"
"AA24089","Tuggeranong",-35.4286612943252,149.043158406273,"2006","U",NA,NA,NA,"Tympanocryptis lineata"
"AA24090","Tuggeranong",-35.44596205538,149.051131045238,"2006","U",NA,NA,NA,"Tympanocryptis lineata"
"AA24091","Tuggeranong",-35.4478485405567,149.049074075684,"2006","U",NA,NA,NA,"Tympanocryptis lineata"
"AA24092","Tuggeranong",-35.4310910353036,149.048071468024,"2006","M","SA",44,3.44,"Tympanocryptis lineata"
"AA24093","Tuggeranong",-35.4349160839837,149.030665712581,"2006","F","SA",40.53333333,2.66,"Tympanocryptis lineata"
"AA24538","Googong",-35.4446145743441,149.235507584583,"2018","U",NA,NA,NA,"Tympanocryptis lineata"
"AA24578","Googong",-35.4356901911032,149.231266443571,"2020","U",NA,NA,NA,"Tympanocryptis lineata"
"AA24094","Tuggeranong",-35.4458377878552,149.051076729995,"2006","U",NA,NA,NA,"Tympanocryptis lineata"
"AA24095","Tuggeranong",-35.4507414101722,149.043573469439,"2006","U",NA,NA,NA,"Tympanocryptis lineata"
"AA24257","Tuggeranong",-35.4292079085633,149.039375756118,"2009","U",NA,NA,NA,"Tympanocryptis lineata"
"AA24258","Royalla",-35.5053614491235,149.169831970242,"2009","U",NA,NA,NA,"Tympanocryptis lineata"
"AA24096","Tuggeranong",-35.4408456167463,149.049049425918,"2006","U",NA,NA,NA,"Tympanocryptis lineata"
"AA24097","Tuggeranong",-35.4420102565535,149.049618978858,"2006","U",NA,NA,NA,"Tympanocryptis lineata"
"AA24098","Tuggeranong",-35.4423274896155,149.026550300763,"2006","U",NA,NA,NA,"Tympanocryptis lineata"
"AA24099","Tuggeranong",-35.445006072327,149.049298042715,"2006","U",NA,NA,NA,"Tympanocryptis lineata"
"AA24100","Tuggeranong",-35.4499791406282,149.040596395009,"2006","F","SA",46.7,5.1,"Tympanocryptis lineata"
"AA24539","Googong",-35.4454804460459,149.218990266117,"2018","U",NA,NA,NA,"Tympanocryptis lineata"
"AA24579","Googong",-35.4365536869275,149.219388607342,"2020","F","A",53.6,5.46,"Tympanocryptis lineata"
"AA24101","Tuggeranong",-35.4436594158236,149.050797612521,"2006","U",NA,NA,NA,"Tympanocryptis lineata"
"AA24102","Tuggeranong",-35.432565081005,149.040037078633,"2006","U",NA,NA,NA,"Tympanocryptis lineata"
"AA24259","Tuggeranong",-35.4473630682919,149.048570272545,"2009","U",NA,NA,NA,"Tympanocryptis lineata"
"AA24260","Royalla",-35.4826505559765,149.177977218721,"2009","F","SA",39.03333333,2.55,"Tympanocryptis lineata"
"AA24103","Tuggeranong",-35.4304557245384,149.054144597201,"2006","U",NA,NA,NA,"Tympanocryptis lineata"
"AA24104","Tuggeranong",-35.4363754226904,149.042727829764,"2006","U",NA,NA,NA,"Tympanocryptis lineata"
"AA24105","Tuggeranong",-35.4463329785029,149.047182632599,"2006","U",NA,NA,NA,"Tympanocryptis lineata"
"AA24106","Tuggeranong",-35.4269895342647,149.044811898339,"2006","U",NA,NA,NA,"Tympanocryptis lineata"
"AA24506","Tuggeranong",-35.4470700913426,149.062975602894,"2017","U",NA,NA,NA,"Tympanocryptis lineata"
"AA24540","Googong",-35.4241913308627,149.222973920092,"2018","U",NA,NA,NA,"Tympanocryptis lineata"
"AA24580","Googong",-35.4245169916705,149.239740521878,"2020","U",NA,NA,NA,"Tympanocryptis lineata"
"AA24150","Tuggeranong",-35.4307487559512,149.045340517089,"2007","U",NA,NA,NA,"Tympanocryptis lineata"
"AA24107","Tuggeranong",-35.4534709951362,149.05333667642,"2006","U",NA,NA,NA,"Tympanocryptis lineata"
"AA24597","Googong",-35.4507117015261,149.245089114427,"2022","U",NA,NA,NA,"Tympanocryptis lineata"
"AA24541","Googong",-35.4454165427146,149.23082147443,"2018","U",NA,NA,NA,"Tympanocryptis lineata"
"AA24542","Googong",-35.4317765248177,149.223577192347,"2018","U",NA,NA,NA,"Tympanocryptis lineata"
"AA24543","Googong",-35.4402863401683,149.235455657054,"2018","U",NA,NA,NA,"Tympanocryptis lineata"
"AA24598","Googong",-35.4586877986513,149.239324062358,"2022","U",NA,NA,NA,"Tympanocryptis lineata"
"AA24544","Googong",-35.4346164791639,149.242566569732,"2018","U",NA,NA,NA,"Tympanocryptis lineata"
"AA24545","Royalla",-35.4850053029867,149.173891522293,"2018","U",NA,NA,NA,"Tympanocryptis lineata"
"AA24599","Googong",-35.4399382896412,149.228384135578,"2022","F","SA",46.2,3.28,"Tympanocryptis lineata"
"AA24546","Googong",-35.4334109719737,149.209449231994,"2018","U",NA,NA,NA,"Tympanocryptis lineata"
"AA24547","Googong",-35.4354521917314,149.238576955749,"2018","U",NA,NA,NA,"Tympanocryptis lineata"
"AA24600","Googong",-35.4568943668632,149.223922857186,"2022","M","A",54,5,"Tympanocryptis lineata"
"AA24548","Googong",-35.4397812562523,149.22672180668,"2018","U",NA,NA,NA,"Tympanocryptis lineata"
"AA24549","Googong",-35.4328108637336,149.239101079502,"2018","U",NA,NA,NA,"Tympanocryptis lineata"
"AA24601","Googong",-35.4417369017108,149.251636838275,"2022","F","SA",42.06666667,2.11,"Tympanocryptis lineata"
"AA24550","Googong",-35.4534930580133,149.23944524216,"2018","U",NA,NA,NA,"Tympanocryptis lineata"
"AA24551","Googong",-35.4298609670502,149.227215113607,"2018","U",NA,NA,NA,"Tympanocryptis lineata"
"AA24602","Googong",-35.4404326873343,149.223654614577,"2022","U",NA,NA,NA,"Tympanocryptis lineata"
"AA24603","Googong",-35.4441425970342,149.211432174951,"2022","M","SA",46.6,4.2,"Tympanocryptis lineata"
"AA24552","Googong",-35.4468270550551,149.219612340717,"2018","U",NA,NA,NA,"Tympanocryptis lineata"
"AA24553","Googong",-35.4288843224283,149.223629162252,"2018","U",NA,NA,NA,"Tympanocryptis lineata"
"AA24604","Googong",-35.4342985062732,149.22579802586,"2022","M","SA",40.9,2.5,"Tympanocryptis lineata"
"AA24605","Kowen",-35.3278068616212,149.330526539658,"2022","U",NA,NA,NA,"Tympanocryptis lineata"
"AA24554","Googong",-35.4385539126737,149.226680954727,"2018","U",NA,NA,NA,"Tympanocryptis lineata"
"AA24606","Googong",-35.4503111304227,149.220034330687,"2022","F","J",34.26666667,1.47,"Tympanocryptis lineata"
"AA24555","Googong",-35.4255507920168,149.230678330481,"2018","U",NA,NA,NA,"Tympanocryptis lineata"
"AA24556","Googong",-35.4299655686711,149.238033374146,"2018","U",NA,NA,NA,"Tympanocryptis lineata"
"AA24607","Googong",-35.4362572719878,149.232857144064,"2022","F","A",50.9,4.41,"Tympanocryptis lineata"
"AA24608","Royalla",-35.5169908198061,149.181784007938,"2024","F","SA",40.76666667,2.24,"Tympanocryptis lineata"
"AA24609","Googong",-35.4240542608507,149.23261646716,"2024","F","SA",41.9,3.78,"Tympanocryptis lineata"
"AA24610","Googong",-35.4320492129659,149.241080432282,"2024","M","SA",43.9,3.5,"Tympanocryptis lineata"
"AA24611","Royalla",-35.5003001922102,149.184766045292,"2024","U",NA,NA,NA,"Tympanocryptis lineata"
"AA24612","Royalla",-35.4945776172687,149.168415504346,"2024","U",NA,NA,NA,"Tympanocryptis lineata"
"AA24613","Googong",-35.452807530604,149.221053330326,"2024","M","A",51.5,4.64,"Tympanocryptis lineata"
"AA24614","Googong",-35.4361699327621,149.232951723078,"2024","U",NA,NA,NA,"Tympanocryptis lineata"
"AA24615","Googong",-35.4518992351283,149.22749965299,"2024","M","A",55,5.5,"Tympanocryptis lineata"
